{"cameraMode":{"drawMode":0,"name":"Shaded","section":"Shading Mode"},"sceneLighting":true,"audioPlay":false,"sceneViewState":{"m_AlwaysRefresh":false,"showFog":true,"showSkybox":true,"showFlares":true,"showImageEffects":true,"showParticleSystems":true,"showVisualEffectGraphs":true,"m_FxEnabled":true},"in2DMode":false,"pivot":{"x":67.38798522949219,"y":63.935935974121097,"z":275.51068115234377},"rotation":{"x":0.005812730174511671,"y":0.9828458428382874,"z":-0.18190589547157288,"w":0.031551070511341098},"size":0.008112315088510514,"orthographic":false}