{"cameraMode":{"drawMode":0,"name":"Shaded","section":"Shading Mode"},"sceneLighting":false,"audioPlay":false,"sceneViewState":{"m_AlwaysRefresh":false,"showFog":true,"showSkybox":false,"showFlares":true,"showImageEffects":true,"showParticleSystems":true,"showVisualEffectGraphs":true,"m_FxEnabled":true},"in2DMode":false,"pivot":{"x":0.0000057220458984375,"y":-0.035662174224853519,"z":-0.00494384765625},"rotation":{"x":0.011697428300976754,"y":-0.9635528326034546,"z":0.2645034193992615,"w":0.04253026098012924},"size":0.9687180519104004,"orthographic":false}